c01	R07	Cfabf1bk86o_e0_350-7350.mp4	7.000000
c02	R07	eXhWiDLiLWE_e0_300-7700.mp4	7.400000
c03	R07	mI93bL7qQEA_e0_82114-90444.mp4	8.360000
c04	R07	TsxiGDPkrmM_e0_300-7700.mp4	7.407400
c05	R09	etF71HaE5HM_e0_150421-158033.mp4	7.600000
c06	R09	-nPprpooRnI_e0_2157248-2164748.mp4	7.507500
c07	R09	QnjD8eQYTDs_e0_2157248-2164748.mp4	7.507000
c08	R05	9YnM8jaHSIQ_e0_474928-488258.mp4	13.333333
c09	R05	9YnM8jaHSIQ_e1_951556-964886.mp4	13.333333
c10	R05	b9XY3-SEJ-c_e2_1841735-1855100.mp4	13.366667
c11	R05	Mv8UnM9jSCg_e0_300-15282.mp4	15.015000
c12	R05	PSruoJDCssQ_e0_825520-838887.mp4	13.366667
c13	R05	PSruoJDCssQ_e1_1662707-1676073.mp4	13.366667
c14	R05	spJqqu2H8n4_e0_300-11700.mp4	11.400000
c15	R05	spJqqu2H8n4_e1_29724705-29738101.mp4	13.400000
c16	R05	-Xh4BNbxpI8_e0_619633-629465.mp4	9.816667
c17	R05	-Xh4BNbxpI8_e1_1233900-1247265.mp4	13.350000
